{
  "snow": {
    "instance": "dev85963.service-now.com",
    "auth": "Basic cHJhdmluLmNoYXJsZXM6U24xMjM0NTY=",
    "endpoint": "x_459956_fsm3_index.do",
    "username": "pravin.charles"
  },
  "application": {
    "name": "Fsm3",
    "scope": "x_459956_fsm3",
    "sys_id": "d4a49cdb07485010928bfd1e7c1ed03d"
  },
  "files": {
    "html": {
      "index": "d5a494db07485010928bfd1e7c1ed0f5"
    },
    "js": {
      "inline": "",
      "polyfills": "99a49cdb07485010928bfd1e7c1ed043",
      "vendor": "",
      "main": "19a414db07485010928bfd1e7c1ed07c",
      "runtime": "9da41c5f07485010928bfd1e7c1ed00f"
    },
    "css": {
      "styles": "91a4d0db07485010928bfd1e7c1ed0c6"
    }
  }
}